nombre,correo,fecha_nacimiento,ubicacion,biografia
Taylor Stevens,qtran@example.com,1973-07-03,"Timothychester, Monaco",Especially fact beat step. Soldier hot street able interest know car.
Maria Allen,courtneyrogers@example.com,1999-10-09,"Wellsfurt, Hungary",Production treatment right democratic. Really agreement past.
Lucas Harrington,rachelevans@example.net,1996-12-12,"Lake Michaelmouth, Taiwan",Dream note card budget stuff situation class either. Sister city describe agency staff avoid he lay. Far front behavior reveal three.
Andrew Cruz,mtaylor@example.org,2003-11-19,"Brettville, Barbados","Store billion writer property. Finally mind herself car.
Little skill question stand. Able TV under situation less."
Tara Lee,gburgess@example.com,1993-07-22,"Chaseton, Sierra Leone","Film bill home rich month. Dog per music note wish son.
Ability buy resource second bar on provide. Memory most create child employee difficult."
Chad Blake,fishershawn@example.org,1994-01-02,"Robertsport, Liechtenstein",Job thus head yeah guess. Line writer question way thing brother. Beat eat support really best interest. Explain matter former inside its magazine.
Tracy Roberson,gfry@example.org,1988-01-10,"New Melissa, Germany","Source computer budget official exactly poor. Bag question message whom throw.
Our right line. Likely own well happen director college whether until."
Brent Stewart,mitchellkevin@example.net,1984-12-01,"New Christineborough, Marshall Islands","Western view way guess others able. Major sort few. Seem second stand thousand how seven man.
Home accept mention smile hope. Building sound minute."
Alex Benton,jeffrey61@example.org,1971-03-09,"North Jeremyton, Georgia",Trip prepare anyone help policy. For own report call reach.
Edward Taylor,katherine63@example.org,2006-09-13,"East Kaylafort, Swaziland","Four interesting against experience foot hard senior. Source do fact close fear.
Result worry suffer increase wish. Idea lay special than never."
Cory Johnson,georgemccoy@example.org,1972-07-18,"North Keithmouth, Guam",Main laugh control rich hair sign season. Maintain sense both admit cover.
Ashley Page,daltonmichele@example.org,2003-05-19,"Gallowayborough, Uganda",And all realize a machine red scientist. None police last amount win accept audience.
Megan Hudson,millersusan@example.net,1958-01-26,"Mcphersonview, Maldives",Go goal woman method tend. Work good animal these business year practice medical. Go but never soon we surface.
Lisa Lee,kellyadams@example.com,1999-10-12,"Lake Nicolechester, Sweden",Success truth generation cover trouble. Affect also record page. Wife draw imagine company yourself again.
John Robertson,jacquelinemendez@example.com,1997-09-19,"South Candacetown, Brazil",Write firm official bar rate young company. Charge measure Republican blue foreign conference position. Southern crime child example us law we.
Casey Wright,daviszachary@example.com,1996-05-03,"Jamesberg, El Salvador","Pressure democratic leg way third. Kind identify perform value clearly imagine.
Personal site story girl. Experience theory fine determine."
Tamara James,jeremy85@example.com,1960-06-27,"East Teresaburgh, Honduras",Site write short seek. Each race there beautiful large state. Defense defense music entire most majority.
Selena Christensen,sarasanchez@example.net,1981-11-11,"Robertshaven, Puerto Rico",Month carry success forget. Concern Mr character attack marriage join audience.
Jason Walsh,nweber@example.net,2006-11-26,"Port Michael, Tunisia",Magazine fill billion life seek still friend. Agent marriage air great exist.
Shane Henderson,lsmith@example.net,1980-08-21,"Shawstad, Cote d'Ivoire",Money over us hundred test they now traditional. Full and talk book couple.
Kimberly Gonzalez,jessica95@example.org,1968-01-01,"Paulbury, Uganda",Dream major seat long wish consumer usually. Goal executive teacher understand feeling million.
Michael Clarke,nsosa@example.com,1983-03-06,"South Erikshire, Taiwan",Discuss produce international pressure soldier expect. Police law police.
Robert Phelps,jeffreyhobbs@example.org,1969-07-12,"Lake Gregg, Hong Kong",Game loss color. Case money language might. Wish general enter quickly yet real message focus.
Amy Carter,gherrera@example.net,1971-08-21,"Josephborough, Taiwan",Science strong month your month decide her. Agency southern company politics day. Tell quality worker draw of.
Amy Lane,dbrown@example.net,1980-02-18,"Amyton, Gibraltar",Teach citizen those. Themselves article food first. Would enter agent different community market lead.
Gabriella Stevens,richard20@example.net,1956-01-14,"East Tammie, Dominica",Fall indicate spring professional politics their. Out fill word. Too person what.
Jordan Cole,hineselizabeth@example.com,1981-02-09,"East Leslie, Burundi",Within purpose enjoy. People compare bill visit view democratic former value.
Christopher Aguilar,fieldstracey@example.com,1958-08-06,"Davidbury, Luxembourg",Medical upon else medical. Go hot sense century thousand rule lawyer.
Courtney Summers,gonzaleztodd@example.org,1964-05-25,"Karenfurt, Norfolk Island",Whole option young candidate democratic thing. State look crime. Popular customer decision interview ground.
Virginia Wilson,duartedarrell@example.com,1987-01-10,"Oliverchester, French Southern Territories",Member blood truth discuss customer really friend. Focus leave bit occur feeling natural yard. Other check next similar.
Erin Miller,hendersonmatthew@example.com,1993-07-31,"North Christina, Iceland",Catch box nation wear. Owner investment bank shake simply oil one effort.
Nicholas Deleon,shane03@example.org,1994-01-11,"East Tiffany, Mozambique",Debate his generation sure tonight. Concern kind charge charge that section. Table test reach eight agent.
Joseph Chavez,timothy23@example.com,1981-05-01,"Mauriceville, Antigua and Barbuda",Huge note information stage nothing rest leg radio. But team take pick exist year. Front decision agree sure watch reality.
William Nichols,kingjoy@example.com,1989-04-02,"Harperborough, Colombia",Stand in mention organization suffer add. Everything nice increase pretty baby. Real your prepare eight remember cut perform apply.
Michelle Lin,eshepherd@example.com,1973-03-21,"Moodymouth, Samoa",Response affect order make marriage wait. Partner stay plant when line.
Angela Robinson,bmarks@example.org,1958-04-22,"Arthurport, Zimbabwe","Sing wind sea quickly off. Why lead always investment lot.
Media investment these voice issue opportunity. Especially strong anything data may ball."
Natasha Rose,hgibson@example.org,1993-07-11,"New Jennifer, Poland",Computer fund fast. Economic task cover nor. Message second forward heavy sea impact.
Cynthia White,kayla12@example.com,2001-11-27,"South Kevin, Denmark","Data base cultural picture. Bed reach general east traditional forget free.
Happy education sea. Sort land effect identify history white."
Joshua Cummings,rachel21@example.net,1960-09-28,"Ginabury, Croatia",Attorney situation parent describe good determine. History build body note describe part.
Tiffany Foley,hardinchad@example.org,1997-09-30,"Heatherport, Vanuatu",Identify woman land option building part social. Name price century politics us suggest.
Laurie Fleming,cynthia78@example.com,1973-05-28,"North Ray, Sweden",Keep finish something traditional phone behavior. Already behavior apply arm economic place fine poor. No book with window leader.
Bruce Johns,kristidavis@example.com,2001-05-14,"Jesseborough, Nicaragua","Away least home evening. Action week sport story city.
Suffer well class off note peace such. Break should special garden keep."
George Holmes,stephaniearnold@example.net,1960-01-16,"Alexburgh, Liberia",Deep water glass our safe task. Matter us represent analysis none sea behavior.
Benjamin Wallace,eric65@example.net,1956-03-20,"Daniellebury, Bermuda",Available represent born candidate they series need medical. Beyond dinner because. None cold watch reality.
Nathan Patterson,yvonne88@example.net,1988-08-26,"North Amberfort, Botswana",Too reality ok base out style. Court world mean detail add six whatever. Whole quite fine create present. Strong away increase pressure.
Wendy Burch,dean30@example.org,1960-11-12,"Heatherville, Northern Mariana Islands","Girl second apply.
Establish source need truth federal her forward. Friend capital share. Maybe see involve Democrat worry head national recent."
David Gonzalez,whitesheri@example.com,1984-06-06,"South Barbara, Isle of Man",Type less coach manage run cup. Leader heart model. Movie character two rather even.
Amber Erickson,jjordan@example.net,1975-03-08,"Pattonville, Costa Rica",Worry culture these less. House respond above outside set son. Nice produce society source senior only job.
Brandon Hall,tlucas@example.com,2006-05-18,"Haynesshire, Cambodia",Cold positive he. Doctor whatever land indeed him civil power. Need total call less lot seat parent.
Justin Lane,hartzachary@example.org,1969-04-28,"North Christopherborough, Chile",One road any attack firm around technology. Together more south value statement the city so. Series training property leave ball.
Daniel Miller,alexis67@example.net,2000-08-10,"West Vincent, Angola",Consider thought individual then similar senior. Set message federal strong describe participant soldier answer.
Ronald Murphy,wdiaz@example.org,1980-02-14,"New Benjamin, Turkmenistan",Physical interesting public memory. Born tough service ok author carry between.
Edward Trevino,rileysimmons@example.com,1991-09-19,"Carrland, Gibraltar",Kitchen suggest pull start sister stand opportunity. That exactly vote window write age enter. Provide third between while glass price.
Derrick Flores,austin60@example.net,1975-07-02,"Anabury, Belgium",Candidate produce space identify. Apply could without.
David Sanchez,beckeradrian@example.net,1968-09-04,"Walkerhaven, Algeria","Bed herself once. Pay occur almost crime. Allow admit tell position.
Particularly movie power speech. Decade billion owner soon support church."
Eduardo French,misty90@example.org,1982-09-06,"Georgechester, Burundi",Interesting will carry treat. Case person source similar language guess. None thus culture last around.
Ryan Manning,ofox@example.net,1958-12-17,"Washingtonborough, French Southern Territories",Every executive affect should them town. Air case enough article national. After program book window present.
Julie Carey,cjohnson@example.com,1976-06-14,"Thomasport, Guatemala",Bring deep modern ever minute. Machine feeling among usually matter senior dark.
Craig Valdez,rbradley@example.net,1996-05-21,"East Paul, Romania",Guy grow particular new according stand thought. Key big require center discover decide many. Social interview piece success poor training remember.
Dawn Klein,hreese@example.org,1990-09-27,"South William, Netherlands Antilles","Sing fight adult inside.
Act company capital action. Probably choice ask lay American board."
Steven Castillo,lsmith@example.org,1969-09-30,"Lindahaven, Turks and Caicos Islands",Character meet manage want study. Image police add school weight. Least specific hear put let win daughter.
Andrea Griffin,andrew58@example.com,1977-10-31,"Lake Tracy, Colombia",Realize trade second himself. Rate stage she involve sport act positive.
Kimberly Potts,maldonadojonathan@example.net,1985-06-23,"Christopherfurt, Benin",Themselves color leg management that president near.
Caleb Butler,kyle92@example.com,1981-10-22,"Lake Laura, Sweden",Provide understand simply entire effect training question. Pressure society plant avoid set. Hundred evening conference laugh.
Tammy James,hahnjessica@example.com,1973-06-07,"East Jose, Palestinian Territory","Site national short I whatever dark.
Take research station main pay tend. Foreign hospital imagine because wish garden shoulder."
Jamie Turner,lancemoore@example.com,1967-07-22,"Lake Glennbury, Serbia","Bill green education hotel with between. Vote black yes civil total rich. Summer generation miss might talk.
Amount program truth six strong tell."
Chelsea Barton,vsummers@example.org,1997-01-03,"North Jennifer, Singapore","Material television price so near. Out others stand energy road performance.
Fill practice nor red news best. Rate democratic everybody unit certain."
Brian Woods,elizabeth08@example.com,1981-01-08,"Veronicashire, Burundi",Believe if later item teach suddenly page.
Paul Johnson,xwhite@example.net,1983-11-16,"Danielsland, Tonga",Establish dog action professor sort. Indeed Mr create my police carry affect. Responsibility area cold.
Charles Dorsey,afernandez@example.org,1985-10-29,"Port Kaylaton, Oman",Meeting during like growth husband enough it. If authority fund attack learn know research. Answer research enter nearly space analysis.
David Peters,coxthomas@example.net,1998-07-31,"East Jennifer, Lithuania",At suffer like thousand. Itself expert among beyond piece writer. Listen walk stand six enjoy effort attorney.
Jeremy Nolan,ibrowning@example.org,1965-07-24,"Jacobchester, Austria","Explain various he trip. Certain million do likely.
Scene affect develop. Source itself mission bad how ten eight."
Jennifer Hobbs,armstrongtiffany@example.org,1963-05-25,"New Suzannetown, Somalia",Drug teacher bank operation pull across upon. World above with physical plan action strategy. Young or arm age subject.
Pamela Taylor,udorsey@example.org,1956-11-30,"East Christopher, Luxembourg",Pick life time field. Form skill so. Great share attorney.
Jeffrey Jenkins,stacie79@example.org,1993-10-06,"West Matthew, Liberia",Second believe market else. Buy room option course rock seat building eye. Yeah argue book generation which fine.
Joseph Soto,olane@example.org,1970-07-02,"Barnesfort, Nigeria",May could determine career. Church alone here he.
Lori Woods,jessicasmith@example.net,1969-11-15,"Robertfurt, Tajikistan","Party attention event step. Operation again care service better.
Possible thing what whom. Task bit Mr shake. Laugh value economic tough Mrs expert."
Donald Austin,zreid@example.net,1977-07-09,"New Pamela, Venezuela",Work hope record increase remain. Reveal candidate we. Set must health.
Justin Dillon,qhicks@example.org,1961-03-18,"West Jonathanmouth, Taiwan",Enough provide test nature else situation could. Magazine possible parent article seven chair.
Lori Reynolds,kelly39@example.com,1967-10-31,"Johnsonmouth, Vanuatu",Season economy small quite talk. Officer cover perhaps before win. Brother trial score politics leader style.
Jennifer Ware,danielellis@example.org,2000-04-18,"East Katherineview, British Virgin Islands",Tend cause all heart health family three. Trip politics to.
Francisco Wise,trevor26@example.com,1989-10-08,"Lake Kelly, Syrian Arab Republic",Magazine skill receive machine major. Save yes student wrong realize into party. Point before raise where radio space.
Jessica Boyer,christina22@example.com,1972-07-01,"Thomasville, Algeria",Seat major these soldier number home energy. Investment help although model. Rich Mr probably our him.
Daniel Shaffer,katie74@example.com,1995-03-26,"Cardenaschester, Antarctica (the territory South of 60 deg S)",Effect hit daughter to course. Whether catch general treatment ball. Entire day friend middle smile.
Dale Browning,taylorangela@example.net,1966-03-24,"West Daniel, Togo",Improve man key fine however hold. Rock participant type feel charge. Thing meeting just indeed pretty newspaper.
Vanessa Nguyen,marisa79@example.org,1968-04-07,"Jesseburgh, Jamaica",Dog example improve deal he support program should. Enjoy red claim travel finally. Skill nice go today if.
Laura Pearson,georgespence@example.com,1977-08-10,"Lake John, Romania",Last six put gas camera become follow. Page toward thing guess major space so. Help teacher enter loss. Test stop easy develop book.
Rachel Bush,carrbenjamin@example.net,1996-12-05,"Port Tammieborough, Saint Martin",Theory trade task energy sometimes return. Point low collection. Drug rest window model here source ahead. Hold Republican debate cultural.
Jason Stafford,xjoseph@example.org,1991-09-17,"Veronicaton, Saint Vincent and the Grenadines","Care ask base performance growth. Until car reduce professor.
Name today candidate reality. After forward way part soon price note tell."
Kelly Garcia,mfisher@example.org,2001-04-14,"Lake Bradley, Anguilla",Speak site factor determine program whom smile. Voice community prove second PM quickly international.
Thomas Schmidt,robert73@example.com,1959-10-06,"Ruizstad, Slovenia","Group success none. Mention many for pay.
Late occur ever positive work control candidate.
Wish read growth glass."
Roy Norton,pearsongary@example.com,1958-08-31,"Cathychester, New Caledonia",Capital finish ready development adult. Sister east see society stock both. Beat necessary turn member first ever.
Veronica Stokes,mlong@example.com,1961-11-16,"New Stephanieside, Monaco",Kitchen many answer Mr hope friend way this. Politics husband democratic although. Run even speak free strong arrive alone.
Jill Lane,zsmith@example.com,1986-10-19,"New Julie, Iceland",Give always laugh could he yes. Sometimes forward religious others often show measure. Mention develop shoulder ten outside.
Stacy Gonzalez,dawnmclaughlin@example.com,1987-09-22,"Robertview, Tuvalu",Everybody continue read someone dream ago successful. North figure various student voice. Industry inside page.
Michael Rodriguez,maddenethan@example.net,2001-11-17,"South Morganmouth, Iran","Visit space bag day tree should.
Five rise face fly close generation want executive. Choose oil some hundred."
Barbara Sullivan,gillantonio@example.net,1992-11-10,"New Mark, Algeria","Wait down little level decide require lead camera. Take official pressure region state.
Tonight education toward line."
Theresa Mooney,vabbott@example.com,1956-10-04,"Lake Markfurt, Holy See (Vatican City State)",Data impact road card mean small. Cover to environmental face behavior plan since. Begin all car if city follow ahead.
Danny Perez,kshannon@example.net,1972-07-04,"West Kelsey, British Virgin Islands",Relate herself hotel dog president month. Economic away what later about. Result world positive sound anything government as.
Eric Rodriguez,samuelcarroll@example.com,1978-07-26,"Lake Aaron, Croatia","Computer time my season remain animal.
Low training else whose popular hotel. Material certain couple."
Mark Schmidt,westedward@example.org,2007-01-15,"Brownport, Antigua and Barbuda",Customer tree sister word citizen. Their along lose less community from western range.
Erica Lewis,kellymacdonald@example.com,1998-09-02,"Rachelville, Saudi Arabia",Include participant yard begin. Sister stop life defense here edge prepare soldier. Force far question we break pay leg.
Gerald Miles,egarrett@example.org,1993-06-04,"New Tamara, Nigeria",Position pressure health any final so. Size store whether pattern leader fine.
Vicki Martinez,nreyes@example.net,1984-05-04,"Yorkland, Ireland",Understand less education population up scene candidate five. Fast beat though best. Market suffer bit fight media. Lot fight inside.
Jamie Hatfield,michelle68@example.org,1962-05-26,"Stephensfort, Guam","Serious five father long company worker.
My would maybe green blue include. Degree project main ball. Man student drug direction until final big."
Gina Obrien,herbertpierce@example.org,1968-06-10,"Jennifermouth, Croatia",Floor speech camera American discussion run. Seat possible pick kitchen decision law state because.
Patricia White,drocha@example.com,1992-02-26,"Anaborough, Ireland",Sort continue store election everyone religious actually. Back information agency shake. Detail may both.
Jennifer Nguyen,srogers@example.net,1976-10-21,"West David, Svalbard & Jan Mayen Islands",Father maintain least newspaper week. Late listen manager history all. Evidence ten little nation laugh radio.
Jessica Wilson PhD,jacquelineyoung@example.net,1983-12-26,"Bradleystad, Montserrat",Impact can choice much card. Low car specific. Close manage thing pick.
Sergio Rodriguez,kathybarker@example.net,1980-01-30,"West Julie, Wallis and Futuna","Industry that kid go. Until section white you.
Whatever firm beyond stage. Her last land although."
Vincent Webb,joann70@example.net,1992-04-14,"North Austinchester, Oman",Owner century money third may official. Population land per key worker. That not door create live.
Cynthia Bass,ana57@example.com,1961-09-12,"Kirkside, Ghana","Avoid staff American wall.
Help wind health whatever end. Including none perhaps world quality agreement. Special draw here edge individual north."
Nancy Garner,valenciaanthony@example.net,1975-12-27,"Odonnellshire, Anguilla",Pm success production bar rest concern. My human agreement cup. That deep area edge.
Sheri Reed,dominguezjohn@example.net,1979-06-06,"Port Jeremiah, Ghana",Carry concern street feeling. Necessary factor western hair do must. Offer compare save enter production.
Lori Lee,ryanpratt@example.net,2004-09-30,"New David, Algeria",We month specific oil this play cell two. South though appear boy between system letter. Movement money soon if indicate.
Kimberly Benton,terryevan@example.net,1985-05-21,"Hallburgh, Kazakhstan",Kitchen consumer task country sometimes even. Effect today financial visit clearly.
Stephanie Park,joneslinda@example.com,1979-05-05,"Lake Jermainemouth, Monaco","Material practice sure discover enjoy determine describe agency.
Owner risk item yet since. Successful himself among economic under."
Cody Weber,vmendez@example.com,1954-09-08,"West Sierra, Solomon Islands",Must say join chair specific Congress between. Area street culture some herself.
Julie Rice,staffordsharon@example.org,2001-11-06,"Andersonstad, Morocco",Bank find head. Different sell significant customer hospital exactly. Artist full likely report leave long only.
Ashley Chapman,russelltracy@example.net,1956-09-04,"Port Melindahaven, Timor-Leste","Information year side dinner but never. Participant two amount work day these game.
Tough both oil attention clearly. Window memory easy trouble."
Gregory Garcia,navarrotiffany@example.com,2005-12-25,"Maxwellville, French Southern Territories",Record foot which product husband everyone. Could of debate color decide machine question. Open full able away building building ability.
Sarah Webb,fergusonmichael@example.com,1957-05-16,"Garyville, Ukraine",Enough detail development enough mouth woman his. Level before red knowledge.
Adriana Jones,lisahopkins@example.com,1966-12-01,"East Paula, Niue","Movie front land floor. Language news rest size. Beyond town across how.
Wife though method interesting teacher. Prove new accept color agreement."
Linda Mathews,ejohnson@example.com,1957-12-21,"Kellystad, Iran","Quite sometimes them cup have. Seat artist moment foreign.
Among view space would. Five dream red plant."
Brian Romero,mcconnelljustin@example.net,1975-08-28,"New Kellyhaven, Nauru","Gun win simple else business. Bring statement standard fast city seem.
Meet age from either hold. Level this pressure ability summer interesting."
Julie Mann,cynthiamann@example.net,1989-04-17,"North Rodney, United Kingdom",Artist partner person source scene year let. Bit program Mr recognize bill until mind the.
Michael Paul,robinhester@example.com,1957-11-09,"Port Andreaport, Cayman Islands",General significant accept. Painting cold student not two home.
Brandon Clark,sarah45@example.org,1995-10-07,"Normanfurt, Bolivia",Response impact early idea according street. His value sport camera town fall magazine soldier. Couple standard enter color father.
Tonya Jones,johnnymclaughlin@example.net,1997-04-16,"Rileystad, Cyprus",Garden matter nation check. Stand worry discuss sell. Long off until offer way upon. Season job million those.
Joseph Ferguson,brandonpark@example.org,2006-02-26,"Martinchester, Saint Martin",Another number once right. Significant plant how expect everyone floor class.
Jorge Henson,fisherstacey@example.com,1956-01-11,"Donnafurt, South Georgia and the South Sandwich Islands",Expect discuss outside former quickly. After arm family market himself civil language.
Olivia Roman,cristian81@example.org,1987-01-15,"Judithborough, Maldives","Drop lay TV improve drive. Garden investment time.
Apply wonder ahead thing hope along. Green already remain director. Size financial near."
Kari Stanton,christian51@example.org,1956-05-27,"South Shelby, Suriname","Suffer someone marriage choice step us else. Social two must save son. Smile able help.
Whose create garden. Election wait away project management."
Emma Harris,martin82@example.net,1993-06-22,"New Brenda, Qatar","Surface attention doctor arm image authority position. Republican car day.
Nice environmental forget model degree among."
Calvin Gross,pfrench@example.org,1968-10-26,"West Kevinborough, Saint Barthelemy","List remember easy avoid support social home. Court girl glass share PM others dark avoid.
Might former order heavy truth. Already go vote."
Donna Myers,williamswilliam@example.net,2002-05-29,"New Jonathan, Trinidad and Tobago",Dinner degree director maybe usually.
Mercedes Hopkins,grahamjon@example.net,2003-01-18,"Phillipberg, Qatar","Work ground story course hope garden. Suffer child away know business.
Marriage or reach certainly."
Lauren Bradley,christine94@example.org,2000-11-21,"Robertfort, United Kingdom","Sign I article act option.
Newspaper without indeed inside. Decade later miss. Free human daughter south."
Jennifer Johnson,juan81@example.org,1957-08-12,"Johnsonchester, Suriname",In value tax culture somebody. Various yet amount character these practice two. She resource radio everybody particular last exist.
Michael Lopez,pachecolisa@example.org,2004-10-15,"Micheleland, Samoa",Available speak fund relationship hit feeling see allow. War responsibility fast language raise water property.
Kelly Murphy,kellysmith@example.net,1999-01-30,"Ginamouth, Turkmenistan",However deal both organization key culture environment. Worry party most why citizen.
Marcus Rojas,mark94@example.com,1965-09-24,"Valenzuelafort, Lebanon",So analysis but evening. Maybe institution occur view thing here bed.
Jennifer Kent,hamiltondeanna@example.net,1956-02-12,"Lake Jessica, Micronesia",Enter way mouth draw them. Nature discover four factor condition understand pressure.
Elizabeth Miller,tdiaz@example.org,1993-04-07,"West Calebberg, Finland","Drug human onto east.
Investment tend surface major. Pretty response difference full center many present. Eat tough interest south great child."
Carl Cummings,vanessapowers@example.org,1974-09-28,"New Rodneystad, Nepal",Sport affect such wish word lead. Change begin whatever. Management hundred laugh western around.
Nathan Williams,jenkinslori@example.com,2006-06-24,"Brianshire, Canada",Use thing tax affect tax. Movement staff involve certainly. Where itself ready teach school option.
Patrick Novak,taylorkaren@example.org,2002-06-05,"Harrismouth, Guinea",Involve decision north maintain range white too. View performance million his attorney large PM.
Savannah Thompson,michelle74@example.com,1974-11-23,"Jeffreyborough, Timor-Leste",Reflect rule sea dog. Manage choose plan total product. Raise pay sign upon.
Angel Wallace,osmith@example.com,1991-02-01,"East Benjamin, Heard Island and McDonald Islands","Newspaper exist all among local. Within after require.
Add political source usually. Despite enough easy rate. Miss star business tonight manager."
Charles Carr,urodriguez@example.com,1986-03-29,"South Gary, Indonesia",Ability way past teacher pretty. After prepare join themselves television against former just. Game lawyer against contain doctor own.
James Finley,jflynn@example.net,1977-02-25,"East Michaelborough, Sri Lanka",Activity perhaps item writer traditional full politics public. Early down level big. Mother idea ball finish alone and.
Bryan Donaldson,matthew70@example.com,1962-10-08,"Lake Tinamouth, Ukraine",Life off short. Realize owner certain agency cut finish. Majority continue according here. Opportunity speak fund officer seem.
Beth Kelly,wjennings@example.net,1997-06-23,"West Kim, El Salvador",Across quality situation memory week knowledge.
Jacqueline Mccall,deborah02@example.org,1967-04-28,"New Matthewfort, Zambia",Best instead raise during medical compare will. Lay wait live my financial election within.
Misty Moss,ewalters@example.org,1991-12-18,"Tanyaport, Kazakhstan",May nothing do sing through report treatment. Whole clearly president spend. Dark add authority item standard lay up.
Tammy Brown,yromero@example.org,2003-11-04,"Terrenceville, Cote d'Ivoire",Also study hot half to upon sound. Manager myself pull part. And operation community property. May million leave subject be life authority.
Timothy Ferguson,debbiesmith@example.com,2001-07-22,"Hoffmanburgh, Aruba",Collection close ten it. Business establish yes sense.
Benjamin Zuniga,vpowell@example.org,1962-03-25,"Kathrynton, Vanuatu",Behind common social need scientist. Cup game rule nice Republican really attention. Interest nice consumer.
Jane Matthews,frankbarker@example.net,1963-11-26,"New Davidton, Argentina",Laugh red example. Management our kitchen charge deep enter everybody. Happen left future simply idea evening would once.
Joshua Higgins,ucolon@example.com,1973-01-16,"Jacobburgh, Gabon","Most view would few beautiful himself type real. Laugh phone skill experience thousand.
Single base travel. Trial director add race hotel use around."
Karen Cox,petersonkevin@example.net,2002-10-03,"Lake Isaacland, Croatia",Identify subject program special happy boy various become. Television moment technology learn. Shoulder hour as suffer use heavy forward Mrs.
Brianna Barton,fisherwendy@example.com,1970-02-02,"Andrealand, Indonesia",Weight rich store live.
Taylor Bennett,jose58@example.com,2003-04-22,"Bryanfort, Albania","According call debate either and phone town feeling.
Stock western seat build.
Price stand Republican test important star name."
Crystal Marsh,christopher00@example.net,1962-10-01,"North Jenniferchester, Burundi","Establish door full example. Between church low expect throw.
His choose whom sign. Finish important weight call citizen. School medical entire."
Jennifer Miller,wayne69@example.org,1993-10-13,"Jeffreyfort, Turkmenistan","Your college cut mother I degree land summer. Boy face must executive allow guess.
Decision discussion home expert think interest. Need develop TV."
Stephen Jones,mcmillannicole@example.com,1962-01-28,"South Christopher, Myanmar","Most general social with draw same from.
Evidence body rather war outside. Begin guess might least collection future act."
Michael Foster,andres58@example.net,1978-10-29,"Mariahport, Malawi",Manager impact white PM wide on. Table others sell contain local. Boy add sea animal guy position city responsibility.
Benjamin Rodriguez,shannonhenderson@example.com,1959-08-25,"West Aaronfurt, Congo",Learn time wall green support method offer forward. Card series win good along too watch office.
James Rodriguez,kaylagomez@example.com,1980-07-22,"Lake Andrewburgh, Tanzania",Million face positive woman in. Example point chair front back forward. Blue decision administration. Build none different change fast.
Danielle Roberts,alambert@example.net,1998-03-31,"New Andrewberg, Guernsey",List consumer customer just. Various believe other.
Harry Williams,wrightsamuel@example.org,1955-01-25,"East Andrewborough, China",Democrat common really discuss nation ahead. Network participant care call how mention economic. President factor if high speak.
Christopher Travis,sdavis@example.net,1988-12-28,"New Allentown, Dominican Republic",Fast recently few court get economy. Look bar range total.
Andrew Peterson,fergusonjames@example.net,1995-06-06,"West Hannah, Svalbard & Jan Mayen Islands",After door size morning upon involve pick. Avoid heavy green gun wrong expert street.
Cameron Collins,brianroman@example.org,1965-06-30,"North Linda, Portugal",Quality floor like himself thus. Trouble capital provide remain prepare plan fear. Certainly action person bag wind since say.
Debbie Haney,kristen22@example.com,1973-12-07,"Maxwellfort, Bahrain",That soldier prevent manage chance summer. Smile final under. Growth play better reflect.
Joseph Jones,nancy43@example.org,1997-04-10,"Patriciaton, Northern Mariana Islands",Religious huge sit teach style upon president citizen. Buy remain leg mission. Talk hold security seven professor change instead.
Katherine Oneal,zvelasquez@example.com,1991-09-26,"Chavezbury, Tuvalu",Deep parent other own thing. Direction memory do can actually their sell. Put kid tough lead agent sister.
Brandon Hall,tina60@example.net,1970-01-17,"Christopherbury, Guernsey","World power step remain.
Increase perform concern federal different. Deal institution couple. Successful east wonder artist artist."
Mr. Jesus Bauer,nsantos@example.com,2004-12-01,"New Kevin, Palau",Method side mind series court. Address commercial race strong.
Judy Macdonald,dennisbautista@example.com,1958-07-09,"South Brianna, Lao People's Democratic Republic",Culture soldier less among stuff myself water staff. Set collection economy among room step.
Jennifer Nash,mclark@example.net,1990-08-12,"Deborahbury, Luxembourg",Science follow break past. Choice company identify approach place wear on. Measure value toward effort increase wife.
Patricia Key,gordon71@example.org,1967-11-16,"Tannerchester, Norway",Poor act represent. Travel political rest lay goal measure entire. Want cultural surface dog exactly. My law fly.
Diane White,veronicalopez@example.org,1976-08-14,"South Michaelmouth, Mayotte",Campaign every edge that certainly gun. Write pick avoid once.
Zachary Miller,wernerlucas@example.org,1996-09-26,"Stephenport, Panama",Offer happen wind. Easy agree visit church focus reflect reduce country. Near successful chair source too.
Patricia Williams,jessicalittle@example.net,2004-07-02,"West James, Isle of Man","Final against together many security. Study too rich.
Letter operation worry mind image."
Morgan Thompson,martinezjeffrey@example.com,1982-01-17,"Montoyaside, Puerto Rico",Risk management either religious. Standard collection their sell story stay under current.
James Wilson,tonya92@example.net,1963-03-26,"Leemouth, Guernsey","Popular cold let Democrat work. Our available green push yet into.
Happy team spring order. Company alone environment he eye sometimes."
Allison Jackson,noahlindsey@example.org,1962-11-12,"Melissaburgh, Sweden",Happen shoulder yeah talk past remember discuss. Say tend visit get.
Diane Murphy,rperry@example.com,2004-09-16,"Samanthaborough, New Zealand",Home answer spend face. Report eight begin. Bad room recently realize front arm stage themselves.
Erica Roman,jamesmendoza@example.org,1976-10-01,"New Lori, Antigua and Barbuda",Company arrive none message computer second recently front. Film give authority present suddenly money card respond.
Alexa Benson,todd34@example.net,2007-03-21,"West Deanna, Qatar",Discuss control no daughter. Shake opportunity although clear create player.
Jason Simmons,andersonkatie@example.net,1956-07-30,"Steventown, Niue",Appear whatever information land pattern. Current identify eye system person goal. Rate minute approach the put.
Mrs. Julie Taylor,justinbeck@example.org,1960-08-08,"Christinaport, Uganda",Rate tax yet. Population sea image sense baby high fish.
Monica White,williamthomas@example.org,1957-04-12,"Port Michaelborough, Tuvalu",Tend increase trouble north spend above. Though keep hotel not hotel food many.
Melanie Morris,natalierodriguez@example.org,1954-05-03,"Lake Janice, Poland",Inside none nearly show unit. Condition mind here story staff current test.
Yvonne Martinez,yupatrick@example.net,1974-12-28,"Campbellfort, Portugal",Eight avoid across why recent population. Management case glass public miss recently culture health. Imagine food agree stage social.
Collin Pacheco,brownlinda@example.org,1972-02-22,"Mitchellfurt, Chile","Magazine shake power federal south.
Occur pull interest. Rich they would just."
Heather Cook,alyssatran@example.com,1994-10-31,"Newtonland, Saint Kitts and Nevis",Modern street I anyone none concern gas industry. We adult situation produce ok foreign. Difficult answer risk bed idea left maybe.
Alisha Hansen,davidhart@example.com,1959-08-04,"Port Holly, Turkey",Kind form way throughout. Save admit watch agency possible. When range parent central better.
John Williamson,rkelly@example.org,1992-10-11,"Aaronstad, Mongolia",Their floor represent figure note case. We trial current board early war class remain.
